czi_path,czi_key,rank,candidate_mask,candidate_mask_key,score,overlap,mean_dist,best_channel,inside_sum,outside_edge_sum,inside_mean,outside_edge_mean,top1_minus_top2
./new_images/filtro Ph1/5-01.czi,5-01,1,./Images_mk3/F10_mask.h5,F10,0.033788698711691496,1.0343660107624135,36721099.343719125,0,1105250688.0,1068529588.6562809,14301.3427734375,13826.1923828125,0.006682950703737478
./new_images/filtro Ph1/5-01.czi,5-01,2,./Images_mk3/F17_mask.h5,F17,0.02710574800795402,1.027476440606613,46237308.62475109,1,1729035648.0,1682798339.375249,13975.0546875,13601.337890625,0.006682950703737478
./new_images/filtro Ph1/5-01.czi,5-01,3,./images_CNN/F2_mask.h5,F2,0.024404444319313382,1.024704660076566,88287785.02767467,0,3662017792.0,3573730006.9723253,12756.666015625,12449.1142578125,0.006682950703737478
./new_images/filtro Ph1/5-01.czi,5-01,4,./Images_mk3/F2_mask.h5,F2,0.024356156426000405,1.0246551804414232,92186519.11194754,0,3831218944.0,3739032424.8880525,12706.5615234375,12400.8173828125,0.006682950703737478
./new_images/filtro Ph1/5-01.czi,5-01,5,./images_CNN/F3_mask.h5,F3,0.01927359755012887,1.019460522368822,43640953.2589097,0,2286178560.0,2242537606.7410903,12726.01953125,12483.0927734375,0.006682950703737478
./new_images/filtro Ph1/5-02.czi,5-02,1,./images_CNN/F4_mask.h5,F4,0.03419884110834718,1.034790335131947,101516072.35244465,0,3019454976.0,2917938903.6475554,13115.3486328125,12674.40234375,0.0008029515892900574
./new_images/filtro Ph1/5-02.czi,5-02,2,./Images_mk3/F4_mask.h5,F4,0.03339588951905712,1.033959782071315,100053974.03457499,0,3046302976.0,2946249001.965425,13087.6865234375,12657.8291015625,0.0008029515892900574
./new_images/filtro Ph1/5-02.czi,5-02,3,./Images_mk3/F16_mask.h5,F16,0.03284867985410976,1.0333941440553356,48375161.23987436,0,1496987264.0,1448612102.7601256,13964.1728515625,13512.9208984375,0.0008029515892900574
./new_images/filtro Ph1/5-02.czi,5-02,4,./images_384_CNN/BF04_Position008_new_mask.h5,BF04_Position008_new,0.03284867985410976,1.0333941440553356,48375161.23987436,0,1496987264.0,1448612102.7601256,13964.1728515625,13512.9208984375,0.0008029515892900574
./new_images/filtro Ph1/5-02.czi,5-02,5,./new40x/P1_1G7-08_mask.h5,P1_1G7-08,0.028267135440542716,1.0286704320527518,63806419.38143206,1,2289319424.0,2225513004.618568,12438.5732421875,12091.8935546875,0.0008029515892900574
./new_images/filtro H/5-03.czi,5-03,1,./images_384_CNN/BF01_Position001_new_mask.h5,BF01_Position001_new,0.03992625915958731,1.0407340167609336,71506279.78770185,0,1826950144.0,1755443864.2122982,17592.033203125,16903.486328125,0.0003572775776911688
./new_images/filtro Ph1/5-03.czi,5-03,1,./datasets_corrected/raw_pairs/masks/0018_P1_1G2-09_mask.h5,0018_P1_1G2-09,0.04872100425093566,1.0499273745966455,118794665.51891613,0,2498144000.0,2379349334.481084,14597.2490234375,13903.103515625,0.0002021156169439431
./new_images/filtro H/5-03.czi,5-03,2,./Images_mk3/F12_mask.h5,F12,0.03956898158189614,1.0403622522443492,72785373.56341958,0,1876088448.0,1803303074.4365804,17459.45703125,16782.09375,0.0003572775776911688
./new_images/filtro Ph1/5-03.czi,5-03,2,./Images_mk3/F22_mask.h5,F22,0.048518888633991716,1.0497151893192629,121400445.24068737,0,2563319040.0,2441918594.7593126,14469.03125,13783.7685546875,0.0002021156169439431
./new_images/filtro H/5-03.czi,5-03,3,./images_CNN/F4_mask.h5,F4,0.022787445918010667,1.0230490531808372,90159317.60971975,0,4001787136.0,3911627818.3902802,17382.220703125,16990.603515625,0.0003572775776911688
./new_images/filtro Ph1/5-03.czi,5-03,3,./images_CNN/F4_mask.h5,F4,0.02339239295448524,1.0236681309155171,74543819.44529295,0,3224087808.0,3149543988.554707,14004.1953125,13680.4052734375,0.0002021156169439431
./new_images/filtro H/5-03.czi,5-03,4,./Images_mk3/F4_mask.h5,F4,0.022089526987022882,1.0223352969732706,88181116.23838139,0,4036242176.0,3948061059.7616186,17340.71484375,16961.8671875,0.0003572775776911688
./new_images/filtro Ph1/5-03.czi,5-03,4,./Images_mk3/F4_mask.h5,F4,0.022525585747016963,1.0227811924507766,72378828.28081751,0,3249509632.0,3177130803.7191825,13960.7138671875,13649.755859375,0.0002021156169439431
./new_images/filtro H/5-03.czi,5-03,5,./Images_mk3/F5_mask.h5,F5,0.02137849824240984,1.0216086455490188,40497425.37409973,0,1914628096.0,1874130670.6259003,15969.6064453125,15631.82421875,0.0003572775776911688
./new_images/filtro Ph1/5-03.czi,5-03,5,./new40x/P1_1G2-09_mask.h5,P1_1G2-09,0.021022493703143994,1.0212450129615565,78954921.77307272,0,3795352832.0,3716397910.2269273,13449.1123046875,13169.3291015625,0.0002021156169439431
./new_images/filtro H/5-04.czi,5-04,1,./new40x/P1_1G7-08_mask.h5,P1_1G7-08,0.030564229743616767,1.0310361011071534,89382606.1540227,0,2969338624.0,2879956017.8459773,16133.326171875,15647.6826171875,0.006451217155909322
./new_images/filtro Ph1/5-04.czi,5-04,1,./Images_mk3/F7_mask.h5,F7,0.04409450258437985,1.0450811030879912,30268733.73979509,0,701697152.0,671428418.2602049,16082.16796875,15388.4404296875,0.017484733885100086
./new_images/filtro H/5-04.czi,5-04,2,./Images_mk3/F16_mask.h5,F16,0.024113012587707445,1.024406072131295,39361279.054507494,0,1652127104.0,1612765824.9454925,15411.345703125,15044.1767578125,0.006451217155909322
./new_images/filtro Ph1/5-04.czi,5-04,2,./new40x/P1_1G2-09_mask.h5,P1_1G2-09,0.026609768699279765,1.0269669599033497,104012623.61966133,1,3961051904.0,3857039280.3803387,14036.2783203125,13667.7021484375,0.017484733885100086
./new_images/filtro H/5-04.czi,5-04,3,./images_384_CNN/BF04_Position008_new_mask.h5,BF04_Position008_new,0.024113012587707445,1.024406072131295,39361279.054507494,0,1652127104.0,1612765824.9454925,15411.345703125,15044.1767578125,0.006451217155909322
./new_images/filtro Ph1/5-04.czi,5-04,3,./images_CNN/F4_mask.h5,F4,0.025388981934113524,1.0257140171617942,85030083.30495119,0,3391790080.0,3306759996.695049,14732.62890625,14363.291015625,0.017484733885100086
./new_images/filtro H/5-04.czi,5-04,4,./images_CNN/F3_mask.h5,F3,0.0125270465261738,1.0126058286405883,34274513.68733597,0,2753216256.0,2718941742.312664,15325.7861328125,15134.9970703125,0.006451217155909322
./new_images/filtro Ph1/5-04.czi,5-04,4,./Images_mk3/F4_mask.h5,F4,0.024520274933077322,1.0248233591217866,82790632.79222012,0,3417981184.0,3335190551.20778,14684.509765625,14328.8203125,0.017484733885100086
./new_images/filtro H/5-04.czi,5-04,5,./Images_mk3/F21_mask.h5,F21,0.012120784069244946,1.01219452845825,27357068.413146973,1,2270745856.0,2243388787.586853,15170.466796875,14987.69921875,0.006451217155909322
./new_images/filtro Ph1/5-04.czi,5-04,5,./images_384_CNN/BF03_Position018_new_mask.h5,BF03_Position018_new,0.022551774782893406,1.0228079784551296,46633774.12194729,1,2091259264.0,2044625489.8780527,14618.875,14292.8828125,0.017484733885100086
./new_images/filtro H/5-05.czi,5-05,1,./Images_mk3/F7_mask.h5,F7,0.04072407736116597,1.041564664619416,34066821.841308594,1,853676992.0,819610170.1586914,19565.38671875,18784.611328125,0.0028014967438197563
./new_images/filtro Ph1/5-05.czi,5-05,1,./Images_mk3/F4_mask.h5,F4,0.04541624931885753,1.0464633489247064,142971737.87254333,0,3220058112.0,3077086374.1274567,13834.1826171875,13219.939453125,0.0021910021653432574
./new_images/filtro H/5-05.czi,5-05,2,./Images_mk3/F19_mask.h5,F19,0.03792258061734621,1.038650808060578,101478205.01389074,0,2726991360.0,2625513154.9861093,18104.265625,17430.560546875,0.0028014967438197563
./new_images/filtro Ph1/5-05.czi,5-05,2,./Images_mk3/F7_mask.h5,F7,0.04322524715351427,1.0441730553746247,23969906.233297586,1,566606272.0,542636365.7667024,12986.025390625,12436.66015625,0.0021910021653432574
./new_images/filtro H/5-05.czi,5-05,3,./images_384_CNN/BF02_Position016_new_mask.h5,BF02_Position016_new,0.03792258061734621,1.038650808060578,101478205.01389074,0,2726991360.0,2625513154.9861093,18104.265625,17430.560546875,0.0028014967438197563
./new_images/filtro Ph1/5-05.czi,5-05,3,./images_CNN/F4_mask.h5,F4,0.04316152178753973,1.0441065171840007,134033408.01650095,0,3172890624.0,3038857215.983499,13781.814453125,13199.625,0.0021910021653432574
./new_images/filtro H/5-05.czi,5-05,4,./Images_mk3/F16_mask.h5,F16,0.027371618550774416,1.0277496526461782,53001895.83211708,0,1963004032.0,1910002136.167883,18311.263671875,17816.8515625,0.0028014967438197563
./new_images/filtro Ph1/5-05.czi,5-05,4,./Images_mk3/F1_mask.h5,F1,0.03922941317760755,1.0400090380646585,117524870.59202862,0,3054982912.0,2937458041.4079714,13718.17578125,13190.439453125,0.0021910021653432574
./new_images/filtro H/5-05.czi,5-05,5,./images_384_CNN/BF04_Position008_new_mask.h5,BF04_Position008_new,0.027371618550774416,1.0277496526461782,53001895.83211708,0,1963004032.0,1910002136.167883,18311.263671875,17816.8515625,0.0028014967438197563
./new_images/filtro Ph1/5-05.czi,5-05,5,./images_CNN/F1_mask.h5,F1,0.03550217570805497,1.0361398924635443,98605460.38102436,0,2827043584.0,2728438123.6189756,13592.0126953125,13117.9326171875,0.0021910021653432574
./new_images/filtro H/5-06.czi,5-06,1,./Images_mk3/F14_mask.h5,F14,0.025787347716884897,1.0261227079319286,62612882.03084183,0,2459488512.0,2396875629.969158,16404.79296875,15987.1640625,0.0
./new_images/filtro H/5-06.czi,5-06,2,./images_384_CNN/BF04_Position005_new_mask.h5,BF04_Position005_new,0.025787347716884897,1.0261227079319286,62612882.03084183,0,2459488512.0,2396875629.969158,16404.79296875,15987.1640625,0.0
./new_images/filtro H/5-06.czi,5-06,3,./Images_mk3/F16_mask.h5,F16,0.025332885132617736,1.0256564794994756,42250425.58828974,0,1689024512.0,1646774086.4117103,15755.53125,15361.412109375,0.0
./new_images/filtro H/5-06.czi,5-06,4,./images_384_CNN/BF04_Position008_new_mask.h5,BF04_Position008_new,0.025332885132617736,1.0256564794994756,42250425.58828974,0,1689024512.0,1646774086.4117103,15755.53125,15361.412109375,0.0
./new_images/filtro H/5-06.czi,5-06,5,./datasets_corrected/raw_pairs/masks/0009_5-06_mask.h5,0009_5-06,0.016601668894157044,1.0167402323875219,37662890.85778713,0,2287505664.0,2249842773.142213,16787.80078125,16511.396484375,0.0
./new_images/filtro Ph1/5-07.czi,5-07,1,./Images_mk3/F16_mask.h5,F16,0.03070455038618673,1.0311807869077416,40306515.59366584,0,1332978048.0,1292671532.4063342,12434.2646484375,12058.2783203125,0.0
./new_images/filtro Ph1/5-07.czi,5-07,2,./images_384_CNN/BF04_Position008_new_mask.h5,BF04_Position008_new,0.03070455038618673,1.0311807869077416,40306515.59366584,0,1332978048.0,1292671532.4063342,12434.2646484375,12058.2783203125,0.0
./new_images/filtro Ph1/5-07.czi,5-07,3,./Images_mk3/F14_mask.h5,F14,0.026393711896988026,1.0267451006717343,50829139.47579551,0,1951331968.0,1900502828.5242045,13015.3876953125,12676.357421875,0.0
./new_images/filtro Ph1/5-07.czi,5-07,4,./images_384_CNN/BF04_Position005_new_mask.h5,BF04_Position005_new,0.026393711896988026,1.0267451006717343,50829139.47579551,0,1951331968.0,1900502828.5242045,13015.3876953125,12676.357421875,0.0
./new_images/filtro Ph1/5-07.czi,5-07,5,./datasets_corrected/raw_pairs/masks/0009_5-06_mask.h5,0009_5-06,0.020184526856347817,1.020389601942951,36302382.337498665,0,1816738432.0,1780436049.6625013,13332.8818359375,13066.4619140625,0.0
./new40x/P1_1E3-13.czi,P1_1E3-13,1,./Images_mk3/F11_mask.h5,F11,0.03870503686266256,1.0394638249134496,15267258.403570592,0,402134432.0,386867173.5964294,5557.6435546875,5346.64453125,0.011766161004165963
./new40x/P1_1E3-13.czi,P1_1E3-13,2,./new40x/P1_1G7-18_mask.h5,P1_1G7-18,0.026938875858496594,1.0273049977077038,28782000.172360897,1,1082874752.0,1054092751.8276391,5702.8828125,5551.30419921875,0.011766161004165963
./new40x/P1_1E3-13.czi,P1_1E3-13,3,./Images_mk3/F25_mask.h5,F25,0.023037245156290513,1.0233046419791572,14562785.853633523,1,639450560.0,624887774.1463665,5688.40380859375,5558.85693359375,0.011766161004165963
./new40x/P1_1E3-13.czi,P1_1E3-13,4,./images_384_CNN/BF03_Position017_new_mask.h5,BF03_Position017_new,0.016482888049515577,1.0166194702950038,14450176.826357126,1,883922944.0,869472767.1736429,5741.58642578125,5647.72412109375,0.011766161004165963
./new40x/P1_1E3-13.czi,P1_1E3-13,5,./datasets_corrected/raw_pairs/masks/0000_P1_1E3-13_mask.h5,0000_P1_1E3-13,0.016337951235315496,1.0164721353836603,18067281.920000076,1,1114906368.0,1096839086.08,5785.10986328125,5691.36083984375,0.011766161004165963
./new40x/P1_1G2-09.czi,P1_1G2-09,1,./Images_mk3/F25_mask.h5,F25,0.046812364956640096,1.04792535311045,32946922.253483295,0,720410240.0,687463317.7465167,6408.6025390625,6115.51416015625,0.012951604523263702
./new40x/P1_1G2-09.czi,P1_1G2-09,2,./Images_mk3/F1_mask.h5,F1,0.033860760433376394,1.034440551644462,47263633.56345725,0,1419588736.0,1372325102.4365427,6374.55859375,6162.32470703125,0.012951604523263702
./new40x/P1_1G2-09.czi,P1_1G2-09,3,./images_384_CNN/BF03_Position025_new_mask.h5,BF03_Position025_new,0.03356601106466916,1.0341356958721823,21406078.741984725,0,648493888.0,627087809.2580153,6177.36767578125,5973.45947265625,0.012951604523263702
./new40x/P1_1G2-09.czi,P1_1G2-09,4,./Images_mk3/F20_mask.h5,F20,0.0326082103259491,1.0331456741266265,32489490.97353947,0,1012692544.0,980203053.0264605,6473.81591796875,6266.12109375,0.012951604523263702
./new40x/P1_1G2-09.czi,P1_1G2-09,5,./images_384_CNN/BF03_Position017_new_mask.h5,BF03_Position017_new,0.031830563297839724,1.032342563764427,31294321.55814874,0,998883712.0,967589390.4418513,6488.322265625,6285.0478515625,0.012951604523263702
./new40x/P1_1G7-08.czi,P1_1G7-08,1,./Images_mk3/F11_mask.h5,F11,0.05103260212993288,1.0523571918101646,16001113.762743711,1,321615552.0,305614438.2372563,4444.84375,4223.70263671875,0.030380109549421785
./new40x/P1_1G7-08.czi,P1_1G7-08,2,./images_384_CNN/BF04_Position010_new_mask.h5,BF04_Position010_new,0.020652492580511096,1.0208672210526026,9048621.728146851,0,442677120.0,433628498.27185315,4075.203369140625,3991.903564453125,0.030380109549421785
./new40x/P1_1G7-08.czi,P1_1G7-08,3,./images_CNN/F1_mask.h5,F1,0.019765172850986154,1.0199617871813398,16940563.593168855,0,865590208.0,848649644.4068311,4161.63134765625,4080.18359375,0.030380109549421785
./new40x/P1_1G7-08.czi,P1_1G7-08,4,./Images_mk3/F20_mask.h5,F20,0.016732479812238042,1.0168732418114312,10331832.1967417,0,622652352.0,612320519.8032583,3980.4150390625,3914.366943359375,0.030380109549421785
./new40x/P1_1G7-08.czi,P1_1G7-08,5,./images_384_CNN/BF03_Position017_new_mask.h5,BF03_Position017_new,0.016002833203380237,1.0161315543093994,9756425.832873702,0,614560256.0,604803830.1671263,3991.921142578125,3928.547607421875,0.030380109549421785
./new40x/P1_1G7-18.czi,P1_1G7-18,1,./Images_mk3/F7_mask.h5,F7,0.04888224501930918,1.0500966793439213,10532472.903837323,1,220775408.0,210242935.09616268,5059.9423828125,4818.54931640625,0.012156497913669524
./new40x/P1_1G7-18.czi,P1_1G7-18,2,./Images_mk3/F6_mask.h5,F6,0.03672574710563965,1.0374084595450261,6883857.9661669135,1,190902608.0,184018750.0338331,5151.73291015625,4965.9638671875,0.012156497913669524
./new40x/P1_1G7-18.czi,P1_1G7-18,3,./Images_mk3/F24_mask.h5,F24,0.026667017900522075,1.0270257546250383,17918232.064046383,1,680924032.0,663005799.9359536,4892.5390625,4763.7939453125,0.012156497913669524
./new40x/P1_1G7-18.czi,P1_1G7-18,4,./datasets_corrected/raw_pairs/masks/0003_P1_2B2-03_mask.h5,0003_P1_2B2-03,0.022554619277331767,1.0228108878309021,15714739.890394807,0,704628736.0,688913996.1096052,4862.962890625,4754.50830078125,0.012156497913669524
./new40x/P1_1G7-18.czi,P1_1G7-18,5,./images_CNN/F4_mask.h5,F4,0.01854364719177015,1.018716638320131,20381075.95071268,0,1109309312.0,1088928236.0492873,4818.412109375,4729.884765625,0.012156497913669524
./new40x/P1_2B2-03.czi,P1_2B2-03,1,./Images_mk3/F6_mask.h5,F6,0.04136938161204931,1.0422370076410916,7440742.65346536,1,183607168.0,176166425.34653464,4954.8564453125,4754.0595703125,0.0017110394009439214
./new40x/P1_2B2-03.czi,P1_2B2-03,2,./images_CNN/F4_mask.h5,F4,0.03965834221110539,1.0404552238246465,45267600.521318674,1,1164223232.0,1118955631.4786813,5056.93701171875,4860.31201171875,0.0017110394009439214
./new40x/P1_2B2-03.czi,P1_2B2-03,3,./Images_mk3/F4_mask.h5,F4,0.03926679053649358,1.040047911582583,45273623.57453418,1,1175760128.0,1130486504.4254658,5051.3623046875,4856.85546875,0.0017110394009439214
./new40x/P1_2B2-03.czi,P1_2B2-03,4,./datasets_corrected/raw_pairs/masks/0003_P1_2B2-03_mask.h5,0003_P1_2B2-03,0.03556734576669991,1.0362074199621139,25471510.14260459,0,728960192.0,703488681.8573954,5030.88525390625,4855.0947265625,0.0017110394009439214
./new40x/P1_2B2-03.czi,P1_2B2-03,5,./datasets_corrected/raw_pairs/masks/0000_P1_1E3-13_mask.h5,0000_P1_1E3-13,0.03129611705167291,1.0317909795603033,29424632.231724143,1,954990080.0,925565447.7682759,4955.32421875,4802.6435546875,0.0017110394009439214
./zoomed/dprm1xdprm1-11.czi,dprm1xdprm1-11,1,./new40x/P1_1G7-08_mask.h5,P1_1G7-08,0.021273932190505062,1.0215018255502863,27788312.049176216,0,1320158208.0,1292369895.9508238,7172.82373046875,7021.84130859375,0.002152825170147473
./zoomed/dprm1xdprm1-11.czi,dprm1xdprm1-11,2,./Images_mk3/F10_mask.h5,F10,0.01912110702035759,1.0193050761445,10286070.92357719,0,543102976.0,532816905.0764228,7027.45703125,6894.36083984375,0.002152825170147473
./zoomed/dprm1xdprm1-11.czi,dprm1xdprm1-11,3,./Images_mk3/F15_mask.h5,F15,0.016447716569239528,1.016583714911793,15120281.514866948,0,926875072.0,911754790.485133,7410.3173828125,7289.431640625,0.002152825170147473
./zoomed/dprm1xdprm1-11.czi,dprm1xdprm1-11,4,./datasets_corrected/raw_pairs/masks/0004_dprm1xdprm1-11_mask.h5,0004_dprm1xdprm1-11,0.016447716569239528,1.016583714911793,15120281.514866948,0,926875072.0,911754790.485133,7410.3173828125,7289.431640625,0.002152825170147473
./zoomed/dprm1xdprm1-11.czi,dprm1xdprm1-11,5,./Images_mk3/F7_mask.h5,F7,0.0124286105584569,1.012506156710678,3815671.7370432615,1,308919136.0,305103464.26295674,7080.10498046875,6992.65380859375,0.002152825170147473
./zoomed/dprm1xdprm1-17.czi,dprm1xdprm1-17,1,./datasets_corrected/raw_pairs/masks/0000_P1_1E3-13_mask.h5,0000_P1_1E3-13,0.021956369678909002,1.0221991746188486,30049822.19034481,0,1383695744.0,1353645921.8096552,7179.82421875,7023.8994140625,0.00269835064471758
./zoomed/dprm1xdprm1-17.czi,dprm1xdprm1-17,2,./Images_mk3/F10_mask.h5,F10,0.019258019034191422,1.0194446408103768,11334874.834798813,1,594265408.0,582930533.1652012,7689.47119140625,7542.80419921875,0.00269835064471758
./zoomed/dprm1xdprm1-17.czi,dprm1xdprm1-17,3,./images_384_CNN/BF04_Position010_new_mask.h5,BF04_Position010_new,0.018903957253016232,1.0190837583126213,15112350.07738161,0,807008256.0,791895905.9226184,7429.16845703125,7290.046875,0.00269835064471758
./zoomed/dprm1xdprm1-17.czi,dprm1xdprm1-17,4,./Images_mk3/F6_mask.h5,F6,0.018870455314798168,1.0190496176030694,5200157.9469307065,0,278179808.0,272979650.0530693,7507.01123046875,7366.6787109375,0.00269835064471758
./zoomed/dprm1xdprm1-17.czi,dprm1xdprm1-17,5,./Images_mk3/F7_mask.h5,F7,0.018483382248565182,1.0186552472690606,5882416.437853515,0,321204768.0,315322351.5621465,7361.6787109375,7226.85986328125,0.00269835064471758
./zoomed/dprm1xdprm1-32.czi,dprm1xdprm1-32,1,./new40x/P1_1G7-18_mask.h5,P1_1G7-18,0.09946535410036164,1.1045801909022275,64827868.531523466,1,684714560.0,619886691.4684765,3606.000244140625,3264.589111328125,0.06592212348516668
./zoomed/dprm1xdprm1-32.czi,dprm1xdprm1-32,2,./images_384_CNN/BF03_Position018_new_mask.h5,BF03_Position018_new,0.033543230615194965,1.034112138064315,16041909.521222591,1,486311744.0,470269834.4787774,3399.545166015625,3287.40478515625,0.06592212348516668
./zoomed/dprm1xdprm1-32.czi,dprm1xdprm1-32,3,./Images_mk3/F21_mask.h5,F21,0.033067536975400505,1.0336203344758401,16364337.350718021,1,503103616.0,486739278.649282,3361.149658203125,3251.822509765625,0.06592212348516668
./zoomed/dprm1xdprm1-32.czi,dprm1xdprm1-32,4,./images_384_CNN/BF04_Position010_new_mask.h5,BF04_Position010_new,0.02589680809553018,1.0262350338606772,8095193.865298748,0,316659456.0,308564262.13470125,2915.108154296875,2840.585205078125,0.06592212348516668
./zoomed/dprm1xdprm1-32.czi,dprm1xdprm1-32,5,./Images_mk3/F14_mask.h5,F14,0.02363620832139044,1.0239177473678105,12332114.099545062,0,527937280.0,515605165.90045494,3521.342529296875,3439.08740234375,0.06592212348516668
./zoomed/dprm1xdprm1-34.czi,dprm1xdprm1-34,1,./datasets_corrected/raw_pairs/masks/0003_P1_2B2-03_mask.h5,0003_P1_2B2-03,0.06427512752284176,1.0663857404750117,36029474.352386594,1,578758592.0,542729117.6476134,3994.27587890625,3745.6201171875,0.01900110617481563
./zoomed/dprm1xdprm1-34.czi,dprm1xdprm1-34,2,./Images_mk3/F12_mask.h5,F12,0.045274021348026126,1.046314523148462,23275018.54004997,0,525817568.0,502542549.45995003,4893.419921875,4676.8154296875,0.01900110617481563
./zoomed/dprm1xdprm1-34.czi,dprm1xdprm1-34,3,./Images_mk3/F22_mask.h5,F22,0.044126725153451736,1.0451147788289,29372191.17902255,1,680426944.0,651054752.8209774,3840.769775390625,3674.97412109375,0.01900110617481563
./zoomed/dprm1xdprm1-34.czi,dprm1xdprm1-34,4,./images_384_CNN/BF01_Position001_new_mask.h5,BF01_Position001_new,0.043768266337456174,1.044740215355917,22091363.79707086,0,515861088.0,493769724.20292914,4967.3193359375,4754.59765625,0.01900110617481563
./zoomed/dprm1xdprm1-34.czi,dprm1xdprm1-34,5,./Images_mk3/F19_mask.h5,F19,0.03751581884857672,1.0382284105300972,21429510.82855034,0,581994560.0,560565049.1714497,3863.81298828125,3721.544189453125,0.01900110617481563
